test_idx,claim,true_label,factors_evidence,web_evidence,web_source,explanation
0,A viral picture alleges that Sonia Gandhi and Rajiv Gandhi got married in a Christian ceremony.,Partially True,"[{""retr_claim"": ""Recent photo of BJP leader Jyotiraditya Scindia and Rahul Gandhi attending the same marriage in Nepal."", ""retr_label"": ""False"", ""retr_year"": 2022}, {""retr_claim"": ""Photo shows Jyotiraditya Scindia and Rahul Gandhi at the same wedding in Nepal"", ""retr_label"": ""False"", ""retr_year"": 2022}, {""retr_claim"": ""The picture shows Rahul Gandhi and Jyotiraditya Scindia attending a wedding reception in Nepal"", ""retr_label"": ""False"", ""retr_year"": 2022}]","[""Jawaharlal Nehru: Nehru, Rajiv Gandhi: Rajinikanth&quot;. outlookindia. Archived from the original on 28 May 2019. Retrieved 15 November 2015. Service, Tribune News. &quot;A thousand""]",wikipedia,"The claim that Sonia Gandhi and Rajiv Gandhi got married in a Christian ceremony lacks sufficient evidence to support it. The provided evidence does not directly address the marriage ceremony of Sonia and Rajiv Gandhi, as it focuses on unrelated events, such as a wedding attended by Jyotiraditya Scindia and Rahul Gandhi in Nepal [F1], [F2], [F3]. Additionally, there is no relevant information from the web sources to clarify or confirm the nature of their marriage ceremony [W1]. Therefore, the verdict of ""Partially True"" seems unreasonable given the absence of direct evidence."
1,"Under New York's Clean Slate Act ""violent crimes … will now be automatically sealed after a set time - like they never happened.""",Partially True,"[{""retr_claim"": ""\""Violent crimes where a firearm is used have remained static since 2013 in both New York State and Erie County\"""", ""retr_label"": ""Partially True"", ""retr_year"": 2017}, {""retr_claim"": ""\""We've had a dramatic drop in violent crime since this law has been in effect.\"""", ""retr_label"": ""Partially True"", ""retr_year"": 2012}, {""retr_claim"": ""Illinois passed the SAFE-T Act, which will go into effect in January 2023 and will make some violent crimes, including murder and homicide, non-detainable offenses prior to trial, which means violent criminals will be released without bail."", ""retr_label"": ""Partially True"", ""retr_year"": 2022}]",[],none,"The claim that under New York's Clean Slate Act ""violent crimes … will now be automatically sealed after a set time - like they never happened"" is partially supported by the evidence, but it lacks specific details regarding the sealing of violent crimes. The provided evidence does not directly address the Clean Slate Act or its implications for violent crimes, making it difficult to fully validate the claim. Therefore, the verdict of ""Partially True"" is reasonable given the absence of clear evidence directly related to the Act itself."
2,"11,000 politicians in New Zealand exempted from Covid vaccination",Partially True,"[{""retr_claim"": ""New Zealand Government can force citizens to be vaccinated"", ""retr_label"": ""Partially True"", ""retr_year"": 2020}, {""retr_claim"": ""The spread of COVID-19 in New Zealand was due to people getting vaccinated."", ""retr_label"": ""False"", ""retr_year"": 2022}, {""retr_claim"": ""\""New Zealand let health experts\"" rather than politicians make decisions about how to deal with COVID-19, \""and as of today they have zero COVID cases.\"""", ""retr_label"": ""Partially True"", ""retr_year"": 2020}]","[""COVID-19 pandemic in Australia: occurred in Queensland. The nationwide vaccination program began with the first doses of the Pfizer–BioNTech COVID-19 vaccine being administered in Sydney"", ""Timeline of the COVID-19 pandemic in Australia (January–June 2021): coronavirus disease 2019 (COVID-19) and is responsible for the COVID-19 pandemic in Australia during the first half of 2021. New Year celebrations, such""]",wikipedia,"The claim that 11,000 politicians in New Zealand were exempted from Covid vaccination lacks direct evidence in the provided sources. While [F1] suggests that the New Zealand Government had the authority to mandate vaccinations, it does not confirm any specific exemptions for politicians. Additionally, the other evidence does not address vaccination exemptions at all. Therefore, the evidence is insufficient to fully support or refute the claim, making the verdict of ""Partially True"" reasonable but not definitive."
3,"Medical practitioners, fact checkers and journalists need to collaborate to make it happen",Other,"[{""retr_claim"": ""Top fact-checkers from Asia share personal stories, deep insights, and practical tips to tackle the avalanche of health fake news at the Misinformation in Medicine Summit 2020."", ""retr_label"": ""Other"", ""retr_year"": 2020}, {""retr_claim"": ""What does a fact-checking organization do when the facts aren't clear? And what happens when reputable scientists disagree about a public health policy?"", ""retr_label"": ""Partially True"", ""retr_year"": 2022}, {""retr_claim"": ""How Citizens Joined Fact-Checkers in the Fight Against Fake News"", ""retr_label"": ""Other"", ""retr_year"": 2020}]","[""List of fake news websites: satirical or news parody content that is intended to be or has been designated by fact-checkers, journalists or researchers as fake news. Examples of countries"", ""COVID-19 misinformation: Tardáguila C (30 January 2020). &quot;Photos and videos allegedly showing the coronavirus are now challenging fact-checkers&quot;. Poynter. Archived from the original""]",wikipedia,"The claim that medical practitioners, fact checkers, and journalists need to collaborate is reasonable, as evidenced by discussions at the Misinformation in Medicine Summit 2020, where top fact-checkers shared insights on combating health-related fake news [F1]. However, the evidence does not provide specific examples of collaboration or detail on how such partnerships could be structured, leaving the claim somewhat vague. Additionally, while there are instances of fact-checkers addressing misinformation, the evidence does not directly link these efforts to a collaborative framework involving medical practitioners and journalists, indicating a gap in the information provided."
4,Six false assertions about Nigerian universities,Other,"[{""retr_claim"": ""FACTSHEET: Nigeria's matriculation results between 2010 & 2016"", ""retr_label"": ""Other"", ""retr_year"": 2017}, {""retr_claim"": ""10 key claims about Nigeria's economy that we fact-checked in 2021 – and why we did"", ""retr_label"": ""False"", ""retr_year"": 2021}, {""retr_claim"": ""No evidence Nigerian presidential candidate Bola Tinubu claimed to have graduated from well-known Lagos school 4 years before it was established"", ""retr_label"": ""False"", ""retr_year"": 2022}]","[""False or misleading statements by Donald Trump (second term): numerous false or misleading claims. The Associated Press fact-checked several of Trump&#039;s statements from his first week in office, declaring them false and"", ""Dozy Mmobuosi: Dozy Mmobuosi (born April 1978) is a Nigerian fraudster. Advocating technological advancement in Africa as the founder and former CEO of the Tingo Group""]",wikipedia,"The claim regarding ""six false assertions about Nigerian universities"" cannot be adequately verified with the provided evidence. The existing fact-checks, such as [F2] and [F3], focus on unrelated topics, specifically Nigeria's economy and a political candidate's educational claims, without addressing the specific assertions about universities. Additionally, the evidence from the web does not pertain to Nigerian universities at all. Therefore, the evidence is insufficient to support or refute the claim about the universities."
5,Cloves and garlic clean the womb.,False,"[{""retr_claim"": ""Do cloves boost fertility in women? Remedy not scientifically proven"", ""retr_label"": ""False"", ""retr_year"": 2020}, {""retr_claim"": ""Can a mixture of garlic, turmeric, ginger & clove help women conceive?"", ""retr_label"": ""False"", ""retr_year"": 2022}, {""retr_claim"": ""No, fruit and spice mix won't 'clean' worms from womb"", ""retr_label"": ""False"", ""retr_year"": 2021}]","[""List of English words of Old English origin: clot cloth clothe clothes clothespin cloud cloudburst cloudy clout clove (wedge of garlic) clover clowder clubhouse cluck clue clueless clump cluster clutch""]",wikipedia,"The claim that cloves and garlic can clean the womb is reasonable to label as false based on the evidence provided. Multiple past fact-checks indicate that there is no scientific support for the idea that cloves or garlic can boost fertility or cleanse the womb, as shown in [F1], [F2], and [F3]. Therefore, the verdict is justified due to the lack of credible evidence supporting the claim."
6,Former Pakistani finance minister Miftah Ismail says IMF loan was misused.,False,"[{""retr_claim"": ""'Huge' IMF fund for Zimbabwe's entrepreneurs? No, just another scam"", ""retr_label"": ""False"", ""retr_year"": 2020}, {""retr_claim"": ""Imelda Nicolas posted wrong amounts of foreign aid for the rehabilitation of war-torn Marawi City."", ""retr_label"": ""False"", ""retr_year"": 2018}, {""retr_claim"": ""No Nigerian minister said Igbos would be denied funds because of Biafra"", ""retr_label"": ""False"", ""retr_year"": 2020}]","[""Palestinian Authority: Labor minister&quot;. Al Arabiya. 1 July 2012. Archived from the original on 8 July 2012. Retrieved 26 November 2012. &quot;Israel sought $1 bln IMF loan for Palestinians:""]",wikipedia,"The verdict of ""False"" for the claim that former Pakistani finance minister Miftah Ismail says the IMF loan was misused is reasonable because there is no evidence provided that directly supports or contradicts the claim. The evidence from the past fact-checks ([F1], [F2], [F3]) does not relate to Miftah Ismail or the misuse of IMF loans, and the web evidence ([W1]) does not mention him or any statements regarding the misuse of funds. Therefore, the evidence is insufficient to validate or refute the claim."
7,Standing in front of a microwave causes cancer.,False,"[{""retr_claim"": ""Microwaved foods lead to a higher percentage of cancerous cells in the bloodstream."", ""retr_label"": ""False"", ""retr_year"": 2022}, {""retr_claim"": ""Japan bans microwave ovens as they cause cancer"", ""retr_label"": ""False"", ""retr_year"": 2021}, {""retr_claim"": ""Research has proved that microwaving foods in plastic containers releases cancer-causing agents into the foods."", ""retr_label"": ""False"", ""retr_year"": 2002}]","[""Microwave: Microwave is a form of electromagnetic radiation with wavelengths shorter than other radio waves but longer than infrared waves. Its wavelength ranges"", ""Cavity magnetron: magnetron is a high-power vacuum tube used in early radar systems and subsequently in microwave ovens and in linear particle accelerators. A cavity magnetron""]",wikipedia,"The verdict of ""False"" for the claim that standing in front of a microwave causes cancer is reasonable based on the evidence provided. All relevant past fact-checks indicate that there is no scientific basis for the claim, as studies have shown that microwaved foods do not lead to cancerous cells in the bloodstream [F1], and there is no evidence supporting the idea that microwave ovens are banned in Japan due to cancer concerns [F2]. Additionally, the assertion that microwaving foods in plastic containers releases cancer-causing agents has also been debunked [F3]. Therefore, the claim lacks credible support."
8,Fake QR code with Sonia Gandhi's image for Congress' campaign goes Viral,False,"[{""retr_claim"": ""Fake picture of Rahul Gandhi goes viral on social media"", ""retr_label"": ""False"", ""retr_year"": 2022}, {""retr_claim"": ""Fake Picture of Rahul Gandhi 'Meeting' Pulwama Attacker Goes Viral"", ""retr_label"": ""False"", ""retr_year"": 2019}, {""retr_claim"": ""PM Modi touching Sonia Gandhi's feet? Fake image going viral |"", ""retr_label"": ""Partially True"", ""retr_year"": 2019}]",[],none,"The verdict of ""False"" for the claim about a fake QR code with Sonia Gandhi's image going viral is reasonable given the lack of specific evidence directly supporting the claim. The past fact-checks indicate a pattern of false images related to prominent political figures, such as Rahul Gandhi, but do not provide any direct evidence regarding the QR code claim itself. Additionally, there is no relevant information from the web sources to corroborate or refute the claim, making the evidence insufficient."
9,De-oligarchization of Ivanishvili or Granting the Candidate Status – What Does MP Samadashvili Consider a Mistake?,Partially True,"[{""retr_claim"": ""Disinformation about Saakashvili being Appointed as the Prime Minister of Ukraine"", ""retr_label"": ""False"", ""retr_year"": 2021}, {""retr_claim"": ""Fake News: Mikheil Saakashvili Offers Prime Minister's Position to Giorgi Gakharia in the Case of Victory"", ""retr_label"": ""False"", ""retr_year"": 2021}, {""retr_claim"": ""Who Disseminated Fake Documents About Ivanishvili?"", ""retr_label"": ""False"", ""retr_year"": 2020}]",[],none,"The claim regarding MP Samadashvili's views on the de-oligarchization of Ivanishvili or granting candidate status lacks specific evidence to substantiate it. The provided fact-checks do not directly relate to Samadashvili's opinions or actions, as they focus on disinformation surrounding Saakashvili and Ivanishvili, which are unrelated topics. Therefore, the evidence is insufficient to definitively support or refute the claim, making the verdict of ""Partially True"" reasonable due to the absence of direct evidence."
10,Pro-Kremlin TV Host Amplifies Disinformation on the Export of Polish and Australian Products to the European Union,False,"[{""retr_claim"": ""Recurring Disinformation by Pro-Kremlin Media about Organ Trading in Ukraine"", ""retr_label"": ""False"", ""retr_year"": 2022}, {""retr_claim"": ""Pro-Kremlin and Governmental Platforms Disseminate Disinformation about the Public Ombudsman and TV Formula"", ""retr_label"": ""False"", ""retr_year"": 2021}, {""retr_claim"": ""4 Disinformation of the Kremlin around Biological Laboratories in Ukraine"", ""retr_label"": ""False"", ""retr_year"": 2022}]","[""Fake news:  disinformation, propaganda, and hoaxes) claiming the aesthetics and legitimacy of news. Fake news often has the aim of damaging the reputation of a"", ""TikTok: implement the restrictions, in addition to the effects from Kremlin&#039;s &quot;fake news&quot; laws, contributed to the formation of a &quot;splInternet ... dominated by pro-war""]",wikipedia,"The verdict of ""False"" for the claim regarding pro-Kremlin TV hosts amplifying disinformation about the export of Polish and Australian products to the European Union appears reasonable based on the evidence provided. The past fact-checks indicate a pattern of false claims disseminated by pro-Kremlin media, as seen in various instances of disinformation about organ trading in Ukraine and biological laboratories, all resulting in false verdicts [F1], [F3]. However, there is no specific evidence directly addressing the claim about exports, which leaves the evidence insufficient to definitively support or refute the claim."
11,A scripted video of money extortion in Kerala is being shared with a communal claim.,Partially True,"[{""retr_claim"": ""A video is being shared online in which a mob can be seen attacking a group of people on bikes. The claim is being made that the video is from Kerela when a mod attacked the RSS- BJP supporters who were participating in pro-NRC & CAA rally. \""In Kerala RSS & BJP rally in support of"", ""retr_label"": ""False"", ""retr_year"": 2020}, {""retr_claim"": ""Scripted Video of an Old Man Drugging a Woman Shared With a Communal Claim"", ""retr_label"": ""False"", ""retr_year"": 2022}, {""retr_claim"": ""Video of Fight Over Property Among Family Members Given False Communal Spin"", ""retr_label"": ""False"", ""retr_year"": 2022}]",[],none,"The verdict of ""Partially True"" for the claim about a scripted video of money extortion in Kerala being shared with a communal claim is reasonable, as there is evidence of similar instances where videos have been misrepresented with communal narratives. For example, videos have been falsely attributed to communal violence or events, such as the mob attacking RSS-BJP supporters [F1], and other scripted videos being shared with misleading communal claims [F2]. However, there is no direct evidence provided that specifically confirms or denies the existence of the money extortion video in question, making the evidence insufficient to fully validate the claim."
12,AIIMS has issued a new advisory with a list of symptoms to detect COVID-19.,False,"[{""retr_claim"": ""AIIMS has released a list of respiratory symptoms of Covid-19 and similar diseases."", ""retr_label"": ""Partially True"", ""retr_year"": 2020}, {""retr_claim"": ""COVID-19 symptoms attributed to AIIMS, Delhi"", ""retr_label"": ""False"", ""retr_year"": 2021}, {""retr_claim"": ""Viral symptoms on coronavirus and other diseases released by AIIMS"", ""retr_label"": ""False"", ""retr_year"": 2020}]","[""List of unproven methods against COVID-19: hundreds of people have died from using fake COVID-19 treatments. Medically approved tests detect the virus or the antibodies the body makes to fight it"", ""COVID-19 misinformation: Medicine of the All India Institute of Medical Sciences (AIIMS). He said there was no population immunity to the COVID-19 virus yet, as it is new, and it""]",wikipedia,"The verdict of ""False"" for the claim that AIIMS has issued a new advisory with a list of symptoms to detect COVID-19 is reasonable based on the evidence provided. Specifically, past fact-checks indicate that while AIIMS has released lists of respiratory symptoms related to COVID-19, these claims have been deemed partially true or false in different contexts, suggesting that there may not be a current or accurate advisory as claimed [F1], [F2], [F3]. Additionally, there is no supporting evidence from the web to confirm a recent advisory, further indicating that the claim lacks sufficient backing."
13,A video shows a tsunami in Japan following the earthquake on 1 January 2024.,False,"[{""retr_claim"": ""Video shows tsunami caused by a powerful earthquake in the Philippines."", ""retr_label"": ""False"", ""retr_year"": 2022}, {""retr_claim"": ""Video shows footage of the tsunami that hit Tonga on January 15."", ""retr_label"": ""False"", ""retr_year"": 2022}, {""retr_claim"": ""A video showing a tsunami in Darwin, Australia"", ""retr_label"": ""Partially True"", ""retr_year"": 2022}]","[""2024 Noto earthquake: On 1 January 2024, at 16:10:09 JST (07:10:09 UTC), a MJMA7.6 (Mw7.5) earthquake struck 6 km (3.7 mi) north-northeast of Suzu, located on the Noto Peninsula"", ""2004 Indian Ocean earthquake and tsunami: Tōhoku, Japan (magnitude 9.1) in March 2011. Each of these megathrust earthquakes also spawned tsunamis in the Pacific Ocean. In comparison to the 2004 Indian""]",wikipedia,"The claim that a video shows a tsunami in Japan following the earthquake on 1 January 2024 is reasonable to be deemed false based on the available evidence. The evidence does not indicate that a tsunami occurred as a result of the Noto earthquake on that date; it only provides details about the earthquake itself, which was a significant event but does not mention any tsunami associated with it [W1]. Additionally, past fact-checks indicate that videos claiming to show tsunamis were actually misattributed to other events, further supporting the conclusion that the claim is likely false [F1], [F2]."
14,"Authorities are trying to identify a young woman who was recently robbed, stabbed, and left for dead on the side of the road in Australia.",False,"[{""retr_claim"": ""A serial killer is at large in Australian towns, abducting women in cars."", ""retr_label"": ""False"", ""retr_year"": 2022}, {""retr_claim"": ""Australian police shoot dead Chinese woman in Australia"", ""retr_label"": ""False"", ""retr_year"": 2019}, {""retr_claim"": ""A little girl has vanished from a local area and the police need help to identify those responsible."", ""retr_label"": ""False"", ""retr_year"": 2020}]","[""2025 in Australia: The following is a list of events including expected and scheduled events for the year 2025 in Australia. Monarch Charles III Governor-General Sam Mostyn"", ""List of The Walking Dead (TV series) characters: position. In &quot;Evolution&quot;, after finding Eugene with Daryl and Aaron, and trying to return home, Jesus is stabbed in the heart and killed by a Whisperer""]",wikipedia,"The claim that authorities are trying to identify a young woman who was recently robbed, stabbed, and left for dead in Australia lacks supporting evidence from the provided dataset. The past fact-checks, such as [F1], [F2], and [F3], indicate that there have been false claims related to violent incidents in Australia, but none specifically corroborate the current claim. Additionally, the web evidence does not provide any relevant information regarding recent incidents of this nature. Therefore, the verdict of false is reasonable due to the absence of credible evidence."
15,"An online photograph shows a man standing next to a genuine Gigantopithecus, the largest ape known to ever live.",False,"[{""retr_claim"": ""Photo shows a Gigantopethicus ape"", ""retr_label"": ""Partially True"", ""retr_year"": 2021}, {""retr_claim"": ""A photograph shows the skull of a Purussaurus, an extinct species regarded as the largest crocodile to ever live."", ""retr_label"": ""False"", ""retr_year"": 2021}, {""retr_claim"": ""A photograph shows a Southeast African monkey from Madagascar."", ""retr_label"": ""False"", ""retr_year"": 2015}]","[""Bigfoot: Gigantopithecus would have evolved these uniquely hominin traits in parallel. Paleoanthropologist Bernard G. Campbell writes: &quot;That Gigantopithecus is""]",wikipedia,"The claim that an online photograph shows a man standing next to a genuine Gigantopithecus is reasonable to label as false based on the evidence provided. While there is a reference to a photograph showing a Gigantopithecus in [F1], it is categorized as ""Partially True,"" which suggests that it may not be a genuine depiction of the species alongside a human. Additionally, there is no strong evidence or clear confirmation that such a photograph exists, making the claim weak and unsubstantiated. Therefore, the verdict of false is justified due to insufficient evidence supporting the authenticity of the photograph."
16,"On December 22, Jun Abines posted on his Facebook page, where he describes himself as a writer, an item from quora.com containing a reply to the question ""Do",False,"[{""retr_claim"": ""Facebook user 'Mukesh Sharma Fans Club' shared the viral post on August 13 and wrote,"", ""retr_label"": ""False"", ""retr_year"": 2022}, {""retr_claim"": ""Claim: Facebook user Rajesh Sharma shared a post in the Facebook group, Narendra Modi fans and wrote,"", ""retr_label"": ""False"", ""retr_year"": 2022}, {""retr_claim"": ""The fake quote first appeared on a satirical FB page."", ""retr_label"": ""False"", ""retr_year"": 2022}]",[],none,"The verdict of ""False"" for the claim regarding Jun Abines posting on December 22 is reasonable because the evidence provided does not directly support the claim about his specific Facebook activity. The past fact-checks, such as those involving users Mukesh Sharma and Rajesh Sharma, indicate instances of false information being shared on Facebook, but they do not provide any relevant details about Jun Abines or the specific post in question. Additionally, there is no evidence from the web to corroborate the claim, leaving it unsupported."
17,China's Zhejiang province preparing for fresh lockdowns,Partially True,"[{""retr_claim"": ""Zhengzhou residents shopping for city lockdown in May, 2022"", ""retr_label"": ""Partially True"", ""retr_year"": 2022}, {""retr_claim"": ""Video shows residents breaking out of Covid lockdown in China's Lanzhou"", ""retr_label"": ""False"", ""retr_year"": 2022}, {""retr_claim"": ""Leak of Canada lockdown plans"", ""retr_label"": ""False"", ""retr_year"": 2020}]","[""COVID-19 pandemic in mainland China: (SARS-CoV-2). China was where the first COVID outbreak occurred, the first where authorities imposed drastic measures in response (including lockdowns and face"", ""Chinese government response to COVID-19: defended the intent behind the lockdowns, citing that the lockdowns bought the world a &quot;delay to essentially prepare better.&quot; A mathematical epidemiologist""]",wikipedia,"The claim that China's Zhejiang province is preparing for fresh lockdowns is deemed partially true, likely due to the historical context of lockdowns in China, as indicated by evidence like [F1], which references past lockdown measures in Zhengzhou. However, the evidence provided does not specifically confirm current preparations for lockdowns in Zhejiang province, leaving the claim somewhat ambiguous. There is a lack of direct evidence indicating that fresh lockdowns are indeed being planned, making the overall support for the claim insufficient."
18,Video shows Indonesian journalist Najwa Shihab supporting presidential candidate Prabowo Subianto,False,"[{""retr_claim"": ""Video shows Americans supporting Indonesian President Joko Widodo"", ""retr_label"": ""False"", ""retr_year"": 2020}, {""retr_claim"": ""Barack Obama unveils portrait of Indonesian opposition presidential candidate Prabowo Subianto"", ""retr_label"": ""False"", ""retr_year"": 2019}, {""retr_claim"": ""Indonesian presidential candidate Prabowo Subianto has been declared election winner by the Constitutional Court"", ""retr_label"": ""False"", ""retr_year"": 2019}]","[""Joko Widodo: for Prabowo Subianto&#039;s victory in the 2024 Indonesian presidential election. Megawati Sukarnoputri nominated Jokowi to be the presidential candidate of"", ""2020 in Indonesia: on the recent passing of the jobs creation bill. Prominent Indonesian journalist Najwa Shihab was filed to the police by supporters of Joko Widodo for &quot;defamation&quot;""]",wikipedia,"The claim that Indonesian journalist Najwa Shihab supports presidential candidate Prabowo Subianto is reasonable to be deemed false, as there is no direct evidence provided that indicates her support for him. The existing evidence does not mention her endorsing Prabowo; instead, it highlights her involvement in controversies related to Joko Widodo, such as being filed for defamation by his supporters [W2]. Additionally, the fact-checks listed do not support the claim of her backing Prabowo Subianto, reinforcing the conclusion that the claim is unfounded."
19,"Russia responded to an ""accidental"" Israeli attack on its bases in Syria and fired cruise missiles from its warship in the Mediterranean in early November 2023. It led to 32 Russian and 18 Israeli casualties.",False,"[{""retr_claim"": ""\""Thousands killed as Israel Drops Tactical Nuclear Bomb On Syria\"""", ""retr_label"": ""False"", ""retr_year"": 2018}, {""retr_claim"": ""Aftermath Of Russia's Attack In Ukraine"", ""retr_label"": ""Partially True"", ""retr_year"": 2022}, {""retr_claim"": ""Israel fired a tactical nuclear weapon at an Iranian base in Syria in late April 2018."", ""retr_label"": ""False"", ""retr_year"": 2018}]","[""Russian intervention in the Syrian civil war: Escalating Syria Attack, Russia Fires Missiles From Warships Archived 1 January 2017 at the Wayback Machine, The New York Times. &quot;Russia turns to backwater""]",wikipedia,"The claim that Russia fired cruise missiles from its warship in response to an ""accidental"" Israeli attack in early November 2023, resulting in casualties, is deemed false based on the evidence provided. There is no supporting evidence in the past fact-checks or web sources to substantiate the occurrence of such an event in November 2023. Additionally, the past fact-checks do not indicate any recent military actions by Russia in Syria that align with this claim, suggesting that the evidence is insufficient to support it."
20,Finance Minister Nirmala Sitaraman announcing a strategic partnership with crypto trading platform named Quantum Trade.,False,"[{""retr_claim"": ""A BBC article describes how Martin Lewis has endorsed a \""new cryptocurrency auto-trading program called BitProfit\""."", ""retr_label"": ""False"", ""retr_year"": 2022}, {""retr_claim"": ""Edited picture of Union Finance Minister Nirmala Sitharaman goes viral on social media"", ""retr_label"": ""False"", ""retr_year"": 2022}, {""retr_claim"": ""Tesla launched a cryptocurrency platform that \""aims to help families become wealthier.\"""", ""retr_label"": ""False"", ""retr_year"": 2022}]",[],none,"The claim that Finance Minister Nirmala Sitharaman announced a strategic partnership with a crypto trading platform named Quantum Trade is reasonable to consider false due to the lack of any supporting evidence. The provided fact-checks do not mention any partnership involving Sitharaman and Quantum Trade, and the existing evidence, such as the viral edited picture of her, indicates misinformation related to her statements [F2]. Additionally, there is no relevant information from external sources to support the claim. Thus, the verdict of false is justified based on the absence of credible evidence."
21,Video shows bells manufactured by BHEL Trichy for Ayodhya Ram Mandir.,False,"[{""retr_claim"": ""Video of a monkey ringing bell at Ayodhya Ram Mandir."", ""retr_label"": ""False"", ""retr_year"": 2021}, {""retr_claim"": ""Bell in viral image is for Ayodhya Ram Mandir"", ""retr_label"": ""False"", ""retr_year"": 2020}, {""retr_claim"": ""Video of the exterior of Ram Mandir in Ayodhya"", ""retr_label"": ""False"", ""retr_year"": 2021}]",[],none,"The claim that the video shows bells manufactured by BHEL Trichy for the Ayodhya Ram Mandir is reasonable to label as false, as there is no supporting evidence to confirm this assertion. Previous fact-checks have indicated that videos and images related to bells at the Ayodhya Ram Mandir have been misidentified or are unrelated to the claim, as seen in [F1] and [F2], which both concluded that the bells in question were not associated with the temple. Additionally, there is no relevant information from external sources to support the claim."
22,Scripted Video Passed Off as People Extorting Money During Christmas in Kerala,False,"[{""retr_claim"": ""Video is of a recent boat tragedy in Kerala."", ""retr_label"": ""False"", ""retr_year"": 2021}, {""retr_claim"": ""Scripted Video Passed Off as Real Incident of 'Hindu Baba Saving Muslim Woman'"", ""retr_label"": ""False"", ""retr_year"": 2022}, {""retr_claim"": ""Video of Payal Rohatgi getting caught in a sting operation demanding money to post pro-BJP and anti-Muslim tweets."", ""retr_label"": ""False"", ""retr_year"": 2019}]",[],none,"The verdict of ""False"" for the claim that a scripted video was passed off as people extorting money during Christmas in Kerala is reasonable given the evidence provided. The past fact-checks indicate that videos have previously been misrepresented, such as the video of a boat tragedy in Kerala being misidentified as a different incident [F1]. However, there is no direct evidence linking the specific claim about extortion during Christmas to any of the past fact-checks, leaving the evidence insufficient to fully validate or invalidate the claim."
23,Did an Indian-Origin Man Molest Air Hostess In Bali-Melbourne Flight?,Partially True,"[{""retr_claim"": ""Did 125 Pessengers of Air India Flight Tested Covid Positive?"", ""retr_label"": ""Partially True"", ""retr_year"": 2022}, {""retr_claim"": ""Did A Woman Faint After Air India Denied Her To Board The Flight?"", ""retr_label"": ""Partially True"", ""retr_year"": 2022}, {""retr_claim"": ""Australia isn't real and its people are paid actors or robots. Pilots are in on the hoax and really fly 'visitors' to nearby islands or to South America."", ""retr_label"": ""False"", ""retr_year"": 2020}]",[],none,"The claim regarding an Indian-origin man molesting an air hostess on a Bali-Melbourne flight is marked as ""Partially True,"" likely due to the lack of clear evidence supporting the specifics of the incident. The provided evidence does not directly address this claim, as the fact-checks cited ([F1], [F2], [F3]) pertain to unrelated incidents involving Air India flights and do not provide relevant information about the alleged molestation. Therefore, the evidence is insufficient to fully confirm or deny the claim."
24,Old Clip of Blast Falsely Linked To Unverified Claims of Masood Azhar's Death,False,"[{""retr_claim"": ""Pakistan Army Chief: \""Masood Azhar is not dead, he is alive in our hearts\""."", ""retr_label"": ""False"", ""retr_year"": 2019}, {""retr_claim"": ""After Rahul's 'Masood Azhar ji' Remark, Parody Tweet Goes Viral"", ""retr_label"": ""False"", ""retr_year"": 2019}, {""retr_claim"": ""The News Minute's Story on Azharuddeen Shared with a Fake Headline"", ""retr_label"": ""False"", ""retr_year"": 2021}]","[""List of fugitives from justice who disappeared: 2019). &quot;Masood Azhar – a global terrorist – and the implications for Pakistan&quot;. lowyinstitute.org. Retrieved 6 October 2019. &quot;Mohammad Masood Azhar Alvi&quot;""]",wikipedia,"The verdict of ""False"" for the claim that an old clip of a blast is falsely linked to unverified claims of Masood Azhar's death is reasonable given the evidence. Specifically, the statement from the Pakistan Army Chief in 2019, asserting that ""Masood Azhar is not dead, he is alive in our hearts"" [F1], indicates that there have been no credible confirmations of his death. Additionally, the context of past claims and the lack of verified information surrounding Azhar's status further support the conclusion that the claim is unfounded. The evidence presented does not indicate any recent or credible reports confirming his death, thus reinforcing the verdict."
25,Video shows BJP MLA Shreyasi Singh dancing inside her car,False,"[{""retr_claim"": ""Video of Pakistan parliament member dancing to Bollywood song"", ""retr_label"": ""False"", ""retr_year"": 2022}, {""retr_claim"": ""Video of BJP MLA Anil Upadhyay dancing with a woman in an intoxicated state."", ""retr_label"": ""False"", ""retr_year"": 2022}, {""retr_claim"": ""Leaked video of BJP MP Devji Patel dancing intimately with a woman."", ""retr_label"": ""False"", ""retr_year"": 2022}]",[],none,"The claim that a video shows BJP MLA Shreyasi Singh dancing inside her car is deemed false, but the evidence provided does not directly support this specific claim. The past fact-checks cited, such as videos involving other BJP members dancing, do not pertain to Shreyasi Singh and therefore do not provide relevant evidence to validate or invalidate the claim. Additionally, there is no evidence from web sources to clarify the situation further. Thus, the verdict is reasonable due to the lack of specific evidence regarding Shreyasi Singh."
26,Hand massage improves brain health,Partially True,"[{""retr_claim"": ""Foot massage can stop Alzheimer's disease"", ""retr_label"": ""False"", ""retr_year"": 2022}, {""retr_claim"": ""Ghee massage around the eyes improves vision"", ""retr_label"": ""False"", ""retr_year"": 2021}, {""retr_claim"": ""Foot massage with mustard oil improves eyesight"", ""retr_label"": ""False"", ""retr_year"": 2021}]","[""Cardiopulmonary resuscitation: as currently, results are unclear whether or not it improves outcomes. Internal cardiac massage is the manual squeezing of the exposed heart itself carried"", ""Hitachi Magic Wand: that its sole intended use is for health care purposes. Hitachi&#039;s national sales manager said &quot;we approach the massagers as personal care items... the people""]",wikipedia,"The claim that hand massage improves brain health is partially true, but the evidence provided does not support it directly. The past fact-checks indicate that other types of massage, such as foot massage, have been debunked in relation to specific health claims like stopping Alzheimer's disease or improving eyesight ([F1], [F2], [F3]). Additionally, the evidence from the web does not provide any clear connection between hand massage and brain health, leaving the claim unsupported. Therefore, while there may be some anecdotal or unverified benefits, the current evidence is insufficient to definitively support the claim."
27,Ratan Tata Did Not Provide the Indian Army with Bulletproof Buses!,False,"[{""retr_claim"": ""Claim:Ratan Tata: \""In a country, if Prime Minister's popularity increases due to the death of 65 soldiers, then nobody can save that country from getting destroyed\"""", ""retr_label"": ""False"", ""retr_year"": 2019}, {""retr_claim"": ""Rahul Gandhi says India does not need Army, Navy and Air Force"", ""retr_label"": ""Partially True"", ""retr_year"": 2021}, {""retr_claim"": ""Ratan Tata has pledged his entire wealth to rid India of COVID19"", ""retr_label"": ""False"", ""retr_year"": 2021}]",[],none,"The claim that Ratan Tata did not provide the Indian Army with bulletproof buses lacks sufficient evidence to support a definitive verdict. The provided fact-checks do not address this specific claim, as they focus on unrelated statements and pledges made by Ratan Tata, such as his comments on political issues and his philanthropic efforts during the COVID-19 pandemic [F1], [F3]. Therefore, without direct evidence regarding the provision of bulletproof buses, the claim remains unverified and the verdict cannot be confidently established."
28,An X post with a video of a young child praying on a hospital bed claimed that the footage shows a kid who got left behind when doctors were forced to evacuate from the Baptist Hospital in Gaza.,False,"[{""retr_claim"": ""Video shows Israeli soldiers detaining Palestinian child in Gaza in 2021"", ""retr_label"": ""Partially True"", ""retr_year"": 2021}, {""retr_claim"": ""Video of Israeli police personnel strangling a Palestinian child to death."", ""retr_label"": ""False"", ""retr_year"": 2021}, {""retr_claim"": ""A video of an injured child bleeding from his head is widely being shared on the internet with a claim that the incident took place in Varanasi where the 'Yogi police' is entering mosque and killing children."", ""retr_label"": ""False"", ""retr_year"": 2020}]",[],none,"The claim that the video shows a child left behind during an evacuation from the Baptist Hospital in Gaza is deemed false, likely due to a lack of supporting evidence linking the footage to the specific incident described. The provided evidence does not include any verification of the video's context or its relation to the hospital evacuation, which suggests that the claim is not substantiated. Additionally, the existing fact-checks do not directly address this specific claim, indicating insufficient evidence to support it."
29,Fasting kill tumors in the body,Partially True,"[{""retr_claim"": ""Fasting on water for seven days can prevent cancer"", ""retr_label"": ""False"", ""retr_year"": 2022}, {""retr_claim"": ""A tumor collects all the poison from your body and save your life"", ""retr_label"": ""False"", ""retr_year"": 2022}, {""retr_claim"": ""No, Ekadashi Fasting Does Not Reduce Your Risk of Cancer"", ""retr_label"": ""False"", ""retr_year"": 2018}]","[""Neuroendocrine tumor: which emphasize the tumor grade rather than the anatomical origin: well-differentiated neuroendocrine tumors, further subdivided into tumors with benign and"", ""Prostate cancer: disease. Most prostate tumors remain small and cause no health problems. These are managed with active surveillance, monitoring the tumor with regular tests""]",wikipedia,"The claim that fasting kills tumors in the body is partially true, but the evidence provided suggests that fasting does not prevent or reduce cancer risk. For instance, past fact-checks indicate that fasting on water for seven days does not prevent cancer [F1], and there is no support for the idea that specific fasting practices, like Ekadashi fasting, reduce cancer risk [F3]. Additionally, the information from the web does not provide any evidence that fasting has a direct effect on tumor growth or cancer treatment, leaving the claim unsupported. Therefore, the verdict of ""partially true"" reflects the lack of strong evidence to substantiate the claim."
30,The Biggest Stories Indian Media Misreported In 2023,Other,"[{""retr_claim"": ""All The Fake News Spread By The Indian Media On Afghanistan"", ""retr_label"": ""Other"", ""retr_year"": 2021}, {""retr_claim"": ""How Did Fake News Affect The Violence in Northeast Delhi?"", ""retr_label"": ""False"", ""retr_year"": 2020}, {""retr_claim"": ""Fake News Around ISRO, Nehru & More"", ""retr_label"": ""False"", ""retr_year"": 2019}]","[""Media coverage of climate change: active on Twitter. Just in the year 2017, the word &quot;Trump&quot; was mentioned 19,187 times in stories covered by five of the nation&#039;s biggest press accounts, with"", ""14th Dalai Lama: outcry&quot;. CNN. 11 April 2023. &quot;TLA serves legal notice to media houses for misreporting on Dalai Lama incident&quot;. Phayul. 18 April 2023. Retrieved 25 June 2025""]",wikipedia,"The claim regarding the biggest stories Indian media misreported in 2023 lacks sufficient evidence to support it. The provided evidence includes past fact-checks from 2021, 2020, and 2019, which do not directly address the specific misreporting incidents in 2023. Additionally, the web evidence mentions a legal notice related to a misreporting incident involving the Dalai Lama in April 2023, but it does not provide a comprehensive overview of misreporting by Indian media as a whole in that year [W2]. Therefore, the claim remains unsupported by the available evidence."
31,"Video shows underwater earthquake in Japan on January 1, 2024.",False,"[{""retr_claim"": ""Video shows earthquake in Shanghai in January 2021"", ""retr_label"": ""False"", ""retr_year"": 2021}, {""retr_claim"": ""Video shows January 2022 earthquake in Indonesia's Banten province"", ""retr_label"": ""False"", ""retr_year"": 2022}, {""retr_claim"": ""Video shows a fireworks show in Japan in 2022"", ""retr_label"": ""False"", ""retr_year"": 2022}]","[""2024 Noto earthquake: On 1 January 2024, at 16:10:09 JST (07:10:09 UTC), a MJMA7.6 (Mw7.5) earthquake struck 6 km (3.7 mi) north-northeast of Suzu, located on the Noto Peninsula"", ""2011 Tōhoku earthquake and tsunami: On 11 March 2011, at 14:46:24 JST (05:46:24 UTC), a Mw 9.0–9.1 undersea megathrust earthquake occurred in the Pacific Ocean, 72 km (45 mi) east of the""]",wikipedia,"The claim that a video shows an underwater earthquake in Japan on January 1, 2024, is reasonable to be deemed false based on the evidence provided. While there was indeed a significant earthquake in Japan on that date, as noted in [W1], there is no evidence that directly links the video to this event. Additionally, past fact-checks indicate that similar videos have been misidentified, such as those showing earthquakes in other locations or unrelated events like fireworks [F1], [F2], [F3]. Therefore, without clear evidence linking the video to the January 1, 2024 earthquake, the verdict is justified."
32,This video shows colleagues fighting over the use of Hindi during a Zoom meeting.,False,"[{""retr_claim"": ""Video shows scuffle between two groups in India"", ""retr_label"": ""False"", ""retr_year"": 2022}, {""retr_claim"": ""Video of a fight between Hindu and Christan neighbors over Diwali celebration."", ""retr_label"": ""False"", ""retr_year"": 2022}, {""retr_claim"": ""Video of a clash between Hindu and Muslims."", ""retr_label"": ""False"", ""retr_year"": 2021}]","[""List of films with post-credits scenes: 2024 2025 Mid-credits and post-credits scenes in the Marvel Cinematic Universe The list shows only the experiments from Experiment 001, Shrink, to Experiment"", ""Agent Vinod (2012 film): Vinod is a 2012 Indian Hindi-language spy film written and directed by Sriram Raghavan and produced by Saif Ali Khan and Dinesh Vijan. The film revolves""]",wikipedia,"The verdict of ""False"" for the claim that the video shows colleagues fighting over the use of Hindi during a Zoom meeting is reasonable because the evidence provided does not support the claim. The past fact-checks indicate that the videos in question depict scuffles or clashes between different groups in India, but none specifically relate to a Zoom meeting or the use of Hindi. For instance, [F1] describes a scuffle between two groups, while [F2] and [F3] detail conflicts between religious communities, none of which involve a discussion about language during a virtual meeting. Therefore, the evidence is insufficient to substantiate the claim."
33,The operations of National Geographic and other related network channels were halted from 28 December 2023.,False,"[{""retr_claim"": ""The International Space Stations was briefly thrown out of control in July 2021."", ""retr_label"": ""True"", ""retr_year"": 2021}, {""retr_claim"": ""NASA has announced that a multi-day worldwide blackout will occur beginning on 16 December 2020."", ""retr_label"": ""False"", ""retr_year"": 2012}, {""retr_claim"": ""Is the Cartoon network shutting down after 30 years?"", ""retr_label"": ""False"", ""retr_year"": 2022}]","[""2025 in American television: show debuts, finales, and cancellations; channel launches, closures, and rebrandings; stations changing or adding their network affiliations; information"", ""2020 in Philippine television: direction. The Philippine feeds of Fox Networks Group-owned channels including Fox, Fox Life, Fox Movies and National Geographic (SD) were reverted to the main""]",wikipedia,"The claim that the operations of National Geographic and other related network channels were halted from 28 December 2023 is marked as false, and this verdict is reasonable given the lack of supporting evidence. The provided evidence does not include any information regarding a shutdown of National Geographic or related channels around that date. Additionally, the references to past events ([F1], [F2], [F3], [W1], [W2]) do not indicate any operational halts for National Geographic, making it clear that there is insufficient evidence to support the claim."
34,This video shows a British oil tanker on fire after a missile attack by the Yemeni Houthi militant group.,Partially True,"[{""retr_claim"": ""Video shows a tanker exploding in Dubai and it's after effects."", ""retr_label"": ""False"", ""retr_year"": 2021}, {""retr_claim"": ""Viral video of oil tanker in flames is from Gachibowli flyover"", ""retr_label"": ""False"", ""retr_year"": 2021}, {""retr_claim"": ""Videos show oil pipeline explosion in Dubai in mid-August 2020?"", ""retr_label"": ""False"", ""retr_year"": 2020}]","[""Houthi attacks on commercial vessels: Each was attacked in the Indian Ocean by Iranian-backed Houthi militants. On 26 April, two Houthi missiles hit the Panama-flagged oil tanker Andromeda"", ""Yemeni civil war (2014–present): expand their control by driving into southern provinces. The Houthi offensive, allied with military forces loyal to former Yemeni president Ali Abdullah""]",wikipedia,"The claim that the video shows a British oil tanker on fire after a missile attack by the Yemeni Houthi militant group is not fully supported by the evidence provided. Past fact-checks indicate that similar videos of oil tankers on fire have been misidentified, with instances showing explosions in Dubai rather than related to Houthi attacks [F1], [F2], [F3]. While there is evidence of Houthi missile attacks on commercial vessels, such as the incident involving the oil tanker Andromeda, this does not confirm that the specific video in question depicts such an event [W1]. Therefore, the evidence is insufficient to definitively support the claim."
35,A drink can burn fat in just 15-20 days,Partially True,"[{""retr_claim"": ""Coffee with Lemon juice can burn belly fat in 30 days"", ""retr_label"": ""Partially True"", ""retr_year"": 2021}, {""retr_claim"": ""You can melt belly fat without exercise and diet in 15 days"", ""retr_label"": ""Partially True"", ""retr_year"": 2022}, {""retr_claim"": ""Previous claims that one or two drinks a day might protect against stroke are not true"", ""retr_label"": ""True"", ""retr_year"": 2019}]","[""Milk: about a million globules, held together by a number of minor whey proteins. These clusters rise faster than individual globules can. The fat globules in milk"", ""Edward Burns: April 5, 2011. Burns, Edward (March 17, 2011). &quot;Newlyweds shooting budget. 5k for actors, 2k insurance, 2k food and drink. 9k in the can. That&#039;s how to""]",wikipedia,"The claim that a drink can burn fat in just 15-20 days is considered partially true based on past evidence. For instance, one claim suggests that coffee with lemon juice can help burn belly fat in 30 days [F1], while another claim states that it is possible to melt belly fat without exercise and diet in 15 days [F2]. However, the evidence does not provide a definitive or universally applicable method for fat burning through drinks, indicating that further clarification and stronger evidence are needed to fully support the claim."
36,Jaish-e-Mohammed chief Masood Azhar was killed in the explosion while he was returning from Bhawalapur mosque in Pakistan.,Partially True,"[{""retr_claim"": ""Pakistan Army Chief: \""Masood Azhar is not dead, he is alive in our hearts\""."", ""retr_label"": ""False"", ""retr_year"": 2019}, {""retr_claim"": ""a Hindu supporter of Nupur Sharma killed a Muslim man in Kolhapur, Maharashtra."", ""retr_label"": ""False"", ""retr_year"": 2022}, {""retr_claim"": ""Congress leader from Assam Amjat Ali was arrested and weapons and explosives recovered from him. He was planning genocide against Hindus."", ""retr_label"": ""False"", ""retr_year"": 2020}]",[],none,"The claim that Masood Azhar was killed in an explosion is not supported by the available evidence. In fact, a statement from the Pakistan Army Chief in 2019 explicitly stated that ""Masood Azhar is not dead, he is alive in our hearts,"" which contradicts the claim of his death [F1]. Since there is no additional evidence provided to confirm his death or any recent incident involving him, the evidence is insufficient to support the claim. Therefore, the verdict of ""Partially True"" does not align with the available facts, as there is no credible evidence indicating that he has died."
37,Video shows three people being swept away by a tsunami following Japan's recent earthquake.,False,"[{""retr_claim"": ""Video shows tsunami caused by a powerful earthquake in the Philippines."", ""retr_label"": ""False"", ""retr_year"": 2022}, {""retr_claim"": ""2011 Clip of Tsunami in Japan Falsely Shared as Video From China"", ""retr_label"": ""Partially True"", ""retr_year"": 2021}, {""retr_claim"": ""Video shows entire family being swept away in floods in Khyber Pakhtunkhwa"", ""retr_label"": ""False"", ""retr_year"": 2022}]","[""2018 Sulawesi earthquake and tsunami: caught off guard and swept away by the waves. The BMKG later admitted that the tsunami detectors in Palu were damaged in the earthquake. The shaking was violent"", ""2022 Hunga Tonga–Hunga Haʻapai eruption and tsunami: Tattoo parlour owner Angela Glover, a British resident in Tonga, was among the people missing, swept away by the tsunami when it hit Nukuʻalofa. Glover&#039;s""]",wikipedia,"The claim that a video shows three people being swept away by a tsunami following Japan's recent earthquake is reasonable to be deemed false based on the evidence provided. Specifically, [F1] indicates that a similar video was misattributed to a tsunami caused by an earthquake in the Philippines, suggesting that videos of tsunamis are often misidentified or misrepresented. Additionally, there is no evidence directly linking the video in question to a recent earthquake in Japan, making it difficult to substantiate the claim. Therefore, the verdict of false is supported by the existing evidence."
38,108 feet Shivalinga is ready in Sri Lanka. This is the tallest Shivling in the world,False,"[{""retr_claim"": ""World's largest Shivalinga at 108 ft and it is located in Sri Lanka"", ""retr_label"": ""False"", ""retr_year"": 2019}, {""retr_claim"": ""Photo of 108-feet Shiva lingam, the tallest located in Sri Lanka."", ""retr_label"": ""False"", ""retr_year"": 2019}, {""retr_claim"": ""A picture of a Shiva Lingam has been making rounds on social media and it is claimed that it is a 108-feet Shiva lingam situated in Sri Lanka. The text on the picture read: \""श्रीलंका में 108 फ़ीट का शिवलिंग बन के तैयार हो गया है दुनिया का सबसे ऊँचा शिवलिंग है बोलो हर हर"", ""retr_label"": ""False"", ""retr_year"": 2019}]",[],none,"The claim that a 108-foot Shivalinga is ready in Sri Lanka and is the tallest in the world is supported by multiple past fact-checks that have all concluded it to be false. Specifically, evidence from 2019 indicates that the assertion regarding the existence of such a Shivalinga in Sri Lanka is incorrect, as noted in [F1], [F2], and [F3]. Therefore, the verdict of false is reasonable based on this consistent evidence."
39,This video is from a function related to Ayodhya's Ram Mandir,False,"[{""retr_claim"": ""Video of the exterior of Ram Mandir in Ayodhya"", ""retr_label"": ""False"", ""retr_year"": 2021}, {""retr_claim"": ""No, That's Not the Official 3D Video of Ram Mandir in Ayodhya"", ""retr_label"": ""False"", ""retr_year"": 2022}, {""retr_claim"": ""The officially released 3D video of Ayodhya Ram Mandir."", ""retr_label"": ""False"", ""retr_year"": 2022}]","[""Ram Mandir: The Ram Mandir (ISO: Rāma Maṁdira, lit. &#039;Rama Temple&#039;), is a Hindu temple complex in Ayodhya, Uttar Pradesh, India. Many Hindus believe that it is located"", ""Ramayana: that resulted in bloodbath; and Rama&#039;s eventual return to Ayodhya along with Sita to be crowned as a king amidst jubilation and celebration. Scholarly estimates""]",wikipedia,"The claim that the video is from a function related to Ayodhya's Ram Mandir is deemed false based on multiple past fact-checks indicating that similar videos or representations have been misidentified as related to the Ram Mandir. Specifically, evidence shows that videos claiming to depict the Ram Mandir's exterior or official representations have been proven false ([F1], [F2], [F3]). Therefore, the verdict is reasonable given the consistent misrepresentation of such content."
40,"No, Yemeni Houthis Have Not Recently Captured an Indian Ship Filled With Cows",False,"[{""retr_claim"": ""Yes, Kuwaiti ship met South African government terms to transport 60,000 sheep"", ""retr_label"": ""True"", ""retr_year"": 2019}, {""retr_claim"": ""Video shows cows being smuggled over the India-Pakistan border"", ""retr_label"": ""False"", ""retr_year"": 2019}, {""retr_claim"": ""A post has surfaced on the internet in which a truck can be seen offloading hundreds of carcasses of dead cows. The claim attached to the picture is that the cows are dying out of starvation in Rajasthan. The caption of the picture read- \""यही है गौ सेवा की असलियत ।राजस्थान में भूख से मरी"", ""retr_label"": ""False"", ""retr_year"": 2019}]","[""Second presidency of Donald Trump: 2025. Retrieved April 7, 2025. &quot;US launches wave of air strikes on Yemen&#039;s Houthis&quot;. www.bbc.com. March 16, 2025. Retrieved March 19, 2025. Pindell, James"", ""Greco-Turkish War (1919–1922): and Kimon Digenis were captured by the Turkish forces. General Trikoupis learned only after his capture that he had been recently appointed Commander-in-Chief""]",wikipedia,"The claim that Yemeni Houthis have recently captured an Indian ship filled with cows lacks sufficient evidence to support a ""False"" verdict. The provided evidence does not mention any incidents involving Yemeni Houthis capturing ships or specifically targeting Indian vessels. The existing evidence primarily discusses unrelated topics, such as the transportation of sheep by a Kuwaiti ship [F1] and instances of cow smuggling [F2], which do not pertain to the claim in question. Therefore, without clear evidence directly addressing the claim, the verdict appears to be unsupported."
41,Beer or alcohol reduces the risk of cancer.,False,"[{""retr_claim"": ""Drinking beer will improve bone density and digestion; prevent cancer, diabetes, gallstones and dementia; and delay ageing, among other health benefits."", ""retr_label"": ""False"", ""retr_year"": 2020}, {""retr_claim"": ""Saint Luke's Hospital of USA says that consuming alcohol can reduce the risk of Covid-19."", ""retr_label"": ""Partially True"", ""retr_year"": 2020}, {""retr_claim"": ""Consuming alcoholic beverage reduces risk of COVID-19"", ""retr_label"": ""False"", ""retr_year"": 2020}]","[""Alcohol and cancer: causes cancers of the pancreas. Cancer risk can occur even with light to moderate drinking. The more alcohol is consumed, the higher the cancer risk, and"", ""Long-term effects of alcohol: completely safe in terms of cancer risk. The biological mechanisms include the damage caused by acetaldehyde, a toxic byproduct of alcohol metabolism, which""]",wikipedia,"The verdict that beer or alcohol reduces the risk of cancer is reasonable and supported by evidence indicating that alcohol consumption is associated with an increased risk of various cancers. For instance, evidence from Wikipedia states that alcohol can cause cancers, including that of the pancreas, and that even light to moderate drinking can elevate cancer risk [W1]. Additionally, the claim that drinking beer prevents cancer is explicitly labeled as false in a past fact-check [F1]. Therefore, the assertion that alcohol reduces cancer risk is not supported by the available evidence."
42,"An authentic poster for a Disney-Pixar film ""Cobain"" shows the animated version of Kurt Cobain, the late singer for the band Nirvana.",False,"[{""retr_claim"": ""A photograph shows musician Kurt Cobain with wrestler Andre the Giant."", ""retr_label"": ""False"", ""retr_year"": 2022}, {""retr_claim"": ""Kurt Cobain predicted or endorsed a Donald Trump presidency in 1993."", ""retr_label"": ""False"", ""retr_year"": 2016}, {""retr_claim"": ""The late Kurt Cobain once argued that the nudity on the cover of the Nirvana album \""Nevermind\"" could be covered with a sticker that read: \""If you're offended by this you must be a closet pedophile.\"""", ""retr_label"": ""True"", ""retr_year"": 2021}]",[],none,"The claim that there is an authentic poster for a Disney-Pixar film titled ""Cobain"" featuring an animated version of Kurt Cobain is reasonable to deem false due to the lack of any supporting evidence. The provided evidence does not mention any such film or poster, and there are no relevant details from the web sources available. Therefore, without credible evidence to support the existence of this film or poster, the verdict remains justified."
43,Congress put Sonia Gandhi's image on QR code asking for donations for 2024 elections,False,"[{""retr_claim"": ""Image Shows Rahul Gandhi, Not Quattrocchi With Sonia Gandhi"", ""retr_label"": ""False"", ""retr_year"": 2021}, {""retr_claim"": ""After Shiv Sena, Congress and NCP formed an alliance to form government in Maharashtra, a picture is making rounds on social media in which Congress' interim President, Sonia Gandhi's portrait can be seen on Shiv Sena Bhavan. The caption with the picture in Hindi read: \""बस !!! अब यही देखना बाकी रह गया था\"" ALSO"", ""retr_label"": ""False"", ""retr_year"": 2019}, {""retr_claim"": ""Picture of Sonia Gandhi"", ""retr_label"": ""Partially True"", ""retr_year"": 2022}]",[],none,"The claim that Congress put Sonia Gandhi's image on a QR code asking for donations for the 2024 elections is deemed false based on the available evidence. The past fact-checks do not provide any specific instance or evidence supporting the claim about a QR code or donations related to Sonia Gandhi. Instead, they focus on unrelated images and claims about her portrayal in different contexts, such as [F1] and [F2], which do not substantiate the current claim. Therefore, the evidence is insufficient to support the claim."
44,"Singer Dua Lipa was sexually harassed in Jodhpur, India",False,"[{""retr_claim"": ""Recently, in Uttar Pradesh, BJP leader Satish Sharma has been accused of sexual harassment."", ""retr_label"": ""Partially True"", ""retr_year"": 2022}, {""retr_claim"": ""Video of Hindus taking to the streets to protest against Harsha's murder in Karnataka"", ""retr_label"": ""False"", ""retr_year"": 2022}, {""retr_claim"": ""A picture post featuring Bollywood actress Priyanka Chopra is doing rounds on social media. The post also attributes a quote to the actress where she is insulting Indian god Shiva. \"" प्रियंका चोपड़ा चोपड़ा ने दिया कड़ा जवाब माथे पर नकली आंख रखने वाला शंकर भगवान अपने बेटे को नहीं पहचान सका उस धर्म के मानने"", ""retr_label"": ""False"", ""retr_year"": 2019}]",[],none,"The claim that singer Dua Lipa was sexually harassed in Jodhpur, India, lacks sufficient evidence to support it. The provided evidence does not mention any incidents involving Dua Lipa, and there are no relevant facts or reports in the dataset that corroborate this claim. Therefore, the verdict of ""False"" is reasonable due to the absence of supporting evidence."
45,Stage collapses after Pakistani imam's anti-Semitic slur?,Partially True,"[{""retr_claim"": ""Muslims Being Mistreated? Clip is of Unrelated Incident in B'desh"", ""retr_label"": ""False"", ""retr_year"": 2020}, {""retr_claim"": ""Two priests were thrashed by Bangladeshis/ Muslims."", ""retr_label"": ""False"", ""retr_year"": 2020}, {""retr_claim"": ""Hindu sadhu's Jatas and beard was shoved off by Muslim man in Madhya Pradesh?"", ""retr_label"": ""False"", ""retr_year"": 2022}]","[""Palestinian genocide accusation: [people in Gaza] behave, not all of them are Hamas, but they are all anti-Semitic&quot; and called for a &quot;swift and lethal response.&quot; Republican US Congressman""]",wikipedia,"The claim about a stage collapse following an anti-Semitic slur by a Pakistani imam lacks sufficient evidence to support it. The provided evidence does not directly relate to the claim and instead includes unrelated incidents that have been fact-checked as false, such as claims about mistreatment of Muslims and violence involving priests in Bangladesh [F1], [F2]. Additionally, the reference to a Republican US Congressman discussing anti-Semitism does not provide context or verification of the specific incident mentioned in the claim [W1]. Therefore, the evidence is insufficient to substantiate the claim."
46,"More than 4,500 'legacy' asylum claims remain in the backlog",Partially True,"[{""retr_claim"": ""Says about 80% to 90% of people seeking asylum do not have a valid claim."", ""retr_label"": ""False"", ""retr_year"": 2019}, {""retr_claim"": ""\""There's been a 1,700 percent increase in asylum claims over the last 10 years.\"""", ""retr_label"": ""Partially True"", ""retr_year"": 2018}, {""retr_claim"": ""In the U.S. asylum system, \""claims of 'fear to return' have skyrocketed, and the percentage of claims that are genuinely meritorious are down.\"""", ""retr_label"": ""Partially True"", ""retr_year"": 2017}]","[""2024 in the United Kingdom: stats watchdog over asylum backlog claim&quot;. BBC News. BBC. Retrieved 18 January 2024. &quot;Newham: Newborn girl found in shopping bag less than hour old, police"", ""Crime in New York City: decision-making was devolved to precinct level, and a backlog of 50,000 unserved warrants was cleared. Bratton resigned in 1996. On December 5, 2013, New York City""]",wikipedia,"The claim that more than 4,500 'legacy' asylum claims remain in the backlog is assessed as partially true, as there is no direct evidence provided in the dataset to confirm or deny the specific number of claims. The evidence indicates trends and issues within the asylum system, such as a significant increase in claims and a decrease in genuinely meritorious claims, but does not provide concrete statistics regarding the current backlog of legacy claims. Therefore, the evidence is insufficient to fully validate the claim."
47,"In late 2023, actor Jane Fonda said about the 2024 presidential elections, ""If Trump wins, I'm moving to Canada.""",Unverifiable,"[{""retr_claim"": ""Cher \""is moving to Canada because of President Trump.\"""", ""retr_label"": ""False"", ""retr_year"": 2017}, {""retr_claim"": ""In October 2020, actress Jane Fonda said the COVID-19 coronavirus pandemic was \""God's gift to the Left.\"""", ""retr_label"": ""True"", ""retr_year"": 2020}, {""retr_claim"": ""Says Julia Roberts told Celine Dion, \""If you hate Trump you can go in your country.\"""", ""retr_label"": ""False"", ""retr_year"": 2018}]",[],none,"The claim that Jane Fonda said, ""If Trump wins, I'm moving to Canada,"" in late 2023 is unverifiable based on the provided evidence. There is no direct evidence or credible sources to confirm this specific statement from Fonda, and the existing fact-checks do not address this claim. Therefore, the lack of supporting evidence makes it reasonable to categorize the claim as unverifiable."
48,Photo shows US naturalization certificate for Ukrainian President Zelensky,False,"[{""retr_claim"": ""Image shows President of Ukraine Volodymyr Zelensky at frontline"", ""retr_label"": ""Partially True"", ""retr_year"": 2022}, {""retr_claim"": ""Old Images of Ukraine President Zelenskyy Viral Amid Russian Attack"", ""retr_label"": ""False"", ""retr_year"": 2022}, {""retr_claim"": ""\""The White House presented commemorative coins\"" dedicated to Ukraine President Volodymyr Zelenskyy."", ""retr_label"": ""False"", ""retr_year"": 2022}]","[""Yulia Tolopa: the Ukraine regular army, when women were officially allowed to take part in combat. Ukrainian bureaucracy for years delayed giving her Ukrainian nationality"", ""Roman Abramovich: administration deferred sanctions on Abramovich at the urging of President of Ukraine Volodymyr Zelensky, because of the oligarch&#039;s potential role in negotiations""]",wikipedia,"The claim that the photo shows a US naturalization certificate for Ukrainian President Zelensky is reasonable to be deemed false, as there is no evidence provided that supports the existence of such a certificate. The evidence from past fact-checks does not relate to Zelensky's naturalization status and instead focuses on other aspects of his presidency and public appearances, such as images from the frontline [F1] and commemorative coins [F3]. Additionally, the web evidence does not address Zelensky's citizenship or naturalization, further indicating a lack of relevant information to support the claim."
49,"No, Ben Carson Is Not Hawking CBD Gummies to Treat Hypertension",False,"[{""retr_claim"": ""Dr. Phil and other celebrities are endorsing CBD gummies."", ""retr_label"": ""False"", ""retr_year"": 2022}, {""retr_claim"": ""TV personalities such as Shark Tank investors, Dr. Phil and Dr. Oz endorsed CBD gummies; CBD gummies have numerous health benefits"", ""retr_label"": ""False"", ""retr_year"": 2022}, {""retr_claim"": ""Tiger Woods endorsed his own line of CBD gummies."", ""retr_label"": ""False"", ""retr_year"": 2022}]",[],none,"The claim that Ben Carson is hawking CBD gummies to treat hypertension is deemed false, as there is no specific evidence provided that supports this assertion. The existing evidence from past fact-checks indicates that other celebrities, such as Dr. Phil and Dr. Oz, have been associated with CBD gummies, but it does not mention Ben Carson in this context [F1], [F2]. Therefore, the verdict is reasonable due to the lack of direct evidence linking Carson to the promotion of CBD gummies."
